"LIBRARYREFERENCE","FOOTPRINT1","FOOTPRINT2","FOOTPRINT3","FOOTPRINT4","FOOTPRINT5","BANDWIDTH","CASE/PACKAGE","COMMENT","COMPONENTLINK1DESCRIPTION","COMPONENTLINK1URL","COMPONENTLINK2DESCRIPTION","COMPONENTLINK2URL","COMPONENTLINK3DESCRIPTION","COMPONENTLINK3URL","COMPONENTLINK4DESCRIPTION","COMPONENTLINK4URL","COMPONENTLINK5DESCRIPTION","COMPONENTLINK5URL","CURRENT OUTPUT","DIGIKEY PART NUMBER","DIMENSIONS","FORWARD VOLTAGE DROP","HIGH LEVEL OUTPUT CURRENT","INTERFACE","LEAD FREE","LOGIC FUNCTION","LOW LEVEL OUTPUT CURRENT","MANUFACTURER","MANUFACTURER PART NUMBER","MAX OPERATING TEMPERATURE","MAX OUTPUT CURRENT","MAX POWER DISSIPATION","MAX SUPPLY VOLTAGE","MIN OPERATING TEMPERATURE","MIN SUPPLY VOLTAGE","MOUNT","MPN","NUMBER OF BITS","NUMBER OF CHANNELS","NUMBER OF CIRCUITS","NUMBER OF ELEMENTS","NUMBER OF GATES","NUMBER OF INPUT LINES","NUMBER OF INPUTS","NUMBER OF OUTPUT LINES","NUMBER OF OUTPUTS","NUMBER OF PINS","ON-STATE RESISTANCE","OPERATING SUPPLY CURRENT","OUTPUT CURRENT","PACKAGE","PACKAGE QUANTITY","PACKAGING","PART NUMBER","PART NUMBER (MPN)","POWER DISSIPATION","PRICING 1","PROPAGATION DELAY","QUIESCENT CURRENT","RADIATION HARDENING","REACH SVHC","STOCK 1","SUPPLIER 1","SUPPLIER PART NUMBER 1","SUPPLY TYPE","TEMPERATURE COEFFICIENT","TERMINATION","TOLERANCE","TURN-OFF DELAY TIME","TURN-ON DELAY TIME","VALUE","VOLTAGE RATING","WEIGHT","SHEETPART","DESIGNATOR","DESCRIPTION"
"*","TESTPOINT","TESTPOINT_LOOP","","","","","","*","","","","","","","","","","","","","","","","","","","","","","","","","","","","","","","","","","","","","","","","","","","","","","","*","","","","","","","","","","","","","","","","","","","*","TP?","TESTPOINT_SMD"
"5V0_3V3_LDO","VOLTAGE_REGULATOR","D2PAK_L","D2PAK_M","","","","","","","","","","","","","","","","1A","NCP1117DT33T5GOSCT-ND","","","","","","","","ON Semiconductor","","","","","","","","","NCP1117DT33T5G","","","","","","","","","","","","","","","","","","","","","","","","","","","","","","","","","","","","","","VR?","IC REG LINEAR 3.3V 1A DPAK"
"CA3140AMZ","CA3140AMZ","","","","","","","*","","","","","","","","","","","","CA3140AMZ-ND","","","","","","","","Renesas Electronics America Inc.","","","","","","","","","CA3140AMZ","","","","","","","","","","","","","","","","","","","","","","","","","","","","","","","","","","","","","*","U?","4.5MHz, BiMOS Operational Amplifier with MOSFET Input/Bipolar Output"
"CAP_0.1uF_16V_0603","CAPC0603(1608)55_N","","","","","","","","","","","","","","","","","","","311-1088-1-ND","0.063" L x 0.031" W (1.60mm x 0.80mm)","","","","","","","Yageo","","","","","","","","","CC0603KRX7R7BB104","","","","","","","","","","","","","","0603 (1608 Metric)","","","","","","","","","","","","","","","X7R","","","","","0.1uF","16V","","","C?","CAP CER 0.1UF 16V X7R 0603"
"CAP_0.1uF_50V_0603","CAPC0603(1608)55_N","","","","","","","","","","","","","","","","","","","311-1344-1-ND","0.063" L x 0.031" W (1.60mm x 0.80mm)","","","","","","","Yageo","","","","","","","","","CC0603KRX7R9BB104","","","","","","","","","","","","","","0603 (1608 Metric)","","","","","","","","","","","","","","","X7R","","","","","0.1uF","50V","","","C?","CAP CER 0.1UF 50V X7R 0603"
"CAP_0.33uF_16V_0603","CAPC0603(1608)55_N","","","","","","","","","","","","","","","","","","","490-6050-1-ND","0.063" L x 0.031" W (1.60mm x 0.80mm)","","","","","","","Murata Electronics North America","","","","","","","","","GCM188R71C334KA37D","","","","","","","","","","","","","","0603 (1608 Metric)","","","","","","","","","","","","","","","X7R","","","","","0.33uF","16V","","","C?","CAP CER 0.33UF 16V X7R 0603"
"CAP_10nF_0603","CAPC0603(1608)55_N","","","","","","","","","","","","","","","","","","","311-3369-1-ND","0.063" L x 0.031" W (1.60mm x 0.80mm)","","","","","","","Yageo","","","","","","","","","CC0603KRX7R7BB103","","","","","","","","","","","","","","0603 (1608 Metric)","","","","","","","","","","","","","","","X7R","","","","","10nF","16V","","","C?","CAP CER 10000PF 16V X7R 0603"
"CAP_10uF_0603","CAPC0603(1608)55_N","","","","","","","10uF","","","","","","","","","","","","311-1817-1-ND","0.063" L x 0.031" W (1.60mm x 0.80mm)","","","","","","","Yageo","","","","","","","","","CC0603MRX5R6BB106","","","","","","","","","","","","","","0603 (1608 Metric)","","","","","","","","","","","","","","","","","","","","10uF","10V","","","C?","CAP CER 10UF 10V X5R 0603"
"CAP_10uF_1411_POL","AVX-CAPC3528_V","","","","","","","","","","","","","","","","","","","478-12047-1-ND","0.063" L x 0.031" W (1.60mm x 0.80mm)","","","","","","","AVX Corporation","","","","","","","","","F971A106MBAHT3","","","","","","","","","","","","","","1411 (3528 Metric)","","","","","","","","","","","","","","","","","","","","10uF","10V","","","C?","CAP TANT 10UF 20% 10V 1411"
"CAP_15pF_0603","CAPC0603(1608)55_N","","","","","","","","","","","","","","","","","","","311-3282-1-ND","0.063" L x 0.031" W (1.60mm x 0.80mm)","","","","","","","Yageo","","","","","","","","","AC0603JRNPOYBN150","","","","","","","","","","","","","","0603 (1608 Metric)","","","","","","","","","","","","","","","NP0","","","","","15pF","250v","","","C?","CAP CER 15PF 250V NPO 0603"
"CAP_1uF_16V_0603","CAPC0603(1608)55_N","","","","","","","","","","","","","","","","","","","311-1372-1-ND","0.063" L x 0.031" W (1.60mm x 0.80mm)","","","","","","","Yageo","","","","","","","","","CC0603ZRY5V7BB105","","","","","","","","","","","","","","0603 (1608 Metric)","","","","","","","","","","","","","","","Y5V","","","","","1uF","16V","","","C?","CAP CER 1UF 16V Y5V 0603"
"CAP_2.2nF_0603","CAPC0603(1608)55_N","","","","","","","","","","","","","","","","","","","311-3653-1-ND","0.063" L x 0.031" W (1.60mm x 0.80mm)","","","","","","","Yageo","","","","","","","","","CC0603KRX7R8BB222","","","","","","","","","","","","","","0603 (1608 Metric)","","","","","","","","","","","","","","","X7R","","","","","2.2nF","25V","","","C?","CAP CER 2.2NF 25V X7R 0603"
"CAP_22uF_POL","CAPR-2/4h6.8","","","","","","","","","","","","","","","","","","","732-8857-1-ND","","","","","","","","Wurth Electronics Inc.","","","","","","","","","860020672011","","","","","","","","","","","","","","","","","","","","","","","","","","","","","","","20%","","","22uF","50V","","","C?","CAP ALUM 22UF 20% 50V RADIAL"
"CAP_4.7uF_0603","CAPC0603(1608)55_N","","","","","","","","","","","","","","","","","","","311-1521-1-ND","0.063" L x 0.031" W (1.60mm x 0.80mm)","","","","","","","Yageo","","","","","","","","","CC0603KRX5R5BB475","","","","","","","","","","","","","","0603 (1608 Metric)","","","","","","","","","","","","","","","X5R","","","","","4.7uF","6.3V","","","C?","CAP CER 4.7UF 6.3V X5R 0603"
"CAP_UNKNOWN","CAPC0603(1608)55_N","","","","","","","","","","","","","","","","","","","","","","","","","","","","","","","","","","","","","","","","","","","","","","","","","","","","","","","","","","","","","","","","","","","","","","","","","","C?",""
"CON_2M","JST-B2B-PHSK","JST-B2B-SM4-TB","JST-S2B-PHSK","JST-S2B-SM4-TB","HDR1X2","","","*","","","","","","","","","","","","","","","","","","","","","","","","","","","","","","","","","","","","","","","","","","","","","","","","","","","","","","","","","","","","","","","","","","*","*",""
"CON_3M","JST-B3B-SM4-TB","JST-B3B-PHSK","JST-S3B-SM4-TB","JST-S3B-PHSK","","","","*","","","","","","","","","","","","","","","","","","","","","","","","","","","","","","","","","","","","","","","","","","","","","","","","","","","","","","","","","","","","","","","","","","*","*",""
"CON_4M","JST-B4B-PHSK","JST-B4B-SM4-TB","JST-S4B-PHSK","JST-S4B-SM4-TB","","","","*","","","","","","","","","","","","","","","","","","","","","","","","","","","","","","","","","","","","","","","","","","","","","","","","","","","","","","","","","","","","","","","","","","*","*",""
"CON_5M","JST-B5B-PHSK","JST-B5B-SM4-TB","JST-S5B-PHSK","JST-S5B-SM4-TB","","","","*","","","","","","","","","","","","","","","","","","","","","","","","","","","","","","","","","","","","","","","","","","","","","","","","","","","","","","","","","","","","","","","","","","*","*",""
"CON_BNC","1-1337543-0","","","","","","","*","","","","","","","","","","","","A97553-ND","","","","","","","","TE Connectivity","","","","","","","","","1-1337543-0","","","","","","","","","","","","","","","","","","","","","","","","","","","","","","","","","","","","","*","J?",""
"CON_IDC_2x5","IDC HEADER","","","","","","","*","","","","","","","","","","","","","","","","","","","","","","","","","","","","","","","","","","","","","","","","","","","","","","","","","","","","","","","","","","","","","","","","","","*","*",""
"CRYSTAL_32MHZ","AVX-CX2520DB32000D0GEJZ1-4_V","","","","","","","","","","","","","","","","","","","1253-1730-1-ND","0.098" L x 0.079" W (2.50mm x 2.00mm)","","","","","","","Kyocera International Inc. Electronic Components","","","","","","","","","CX2520DB32000D0GPSC1","","","","","","","","","","","","","","4-SMD, No Lead","","","","","","","","","","","","","","","","","","","","","","","","Y?","CRYSTAL 32MHZ 8PF SMD"
"Component_1","","","","","","","","*","","","","","","","","","","","","","","","","","","","","","","","","","","","","","","","","","","","","","","","","","","","","","","","","","","","","","","","","","","","","","","","","","","*","*",""
"DFR0198_TEMP_SENSOR","","","","","","","","*","","","","","","","","","","","","","","","","","","","","","","","","","","","","","","","","","","","","","","","","","","","","","","","","","","","","","","","","","","","","","","","","","","*","*",""
"DIO_BAS16GW","DIODSOD-123","","","","","","","0","Datasheet","https://assets.nexperia.com/documents/data-sheet/BAS16GW.pdf","","","","","","","","","","1727-7320-1-ND","","","","","","","","Nexperia","","","","","","","","","BAS16GW","","","","","","","","","","","","","","SOD-123","","","","","","","","","","","","Digi-Key","1727-7320-1-ND","","","","","","","","","","","D?","ESD PROTECTION DIODE"
"DIO_LED_G","LED_0805_LINE","","","","","","","","","","","","","","","","","","","475-1410-1-ND","","2.2V","","","","","","OSRAM","","","","","","","","","LG R971-KN-1","","","","","","","","","","","","","","0805 (2012 Metric)","","","","","","","","","","","","","","","","","","","","","","","","D?","LED GREEN DIFFUSED 0805 SMD"
"DIO_LED_R","LED_0805_LINE","","","","","","","","","","","","","","","","","","","475-1278-1-ND","","2V","","","","","","OSRAM","","","","","","","","","LS R976-NR-1","","","","","","","","","","","","","","0805 (2012 Metric)","","","","","","","","","","","","","","","","","","","","","","","","D?","LED RED DIFFUSED 0805 SMD"
"DIO_LED_Y","LED_0805_LINE","","","","","","","","","","","","","","","","","","","475-2560-1-ND","","2.2V","","","","","","OSRAM","","","","","","","","","LY R976-PS-36","","","","","","","","","","","","","","0805 (2012 Metric)","","","","","","","","","","","","","","","","","","","","","","","","D?","LED YELLOW DIFFUSED 0805 SMD"
"FUSE-5A","FUSE","","","","","","","FUSE","","","","","","","","","","","","","","","","","","","","","","","","","","","","","","","","","","","","","","","","","","","","","","","","","","","","","","","","","","","","","","","","","","","F?","FUSE HOLDER RADIAL 250V 6.3A PCB"
"HEADER 4X2","HEADER_2X4","","","","","","","","","","","","","","","","","","","S9015E-04-ND","","","","","","","","Sullins Connector Solutions","","","","","","","","","GRPB042VWVN-RC","","","","","","","","","","","","","","","","","","","","","","","","","","","","","","","","","","","","","","P?","Header, 4-Pin Dual row"
"IC ADC","","","","","","","","*","","","","","","","","","","","","ADC081C021CIMM/NOPBCT-ND","","","","","","","","Texas Instruments","","","","","","","","","ADC081C021CIMM/NOPB","","","","","","","","","","","","","","8-TSSOP, 8-MSOP (0.118", 3.00mm Width)","","","","","","","","","","","","","","","","","","","","","","","*","U?","IC ADC 8BIT I2C 188KSPS"
"IC GATE XOR","SOT23-5","","","","","","SOT-23","SN74AHC1G02DBVT","http://www.ti.com/lit/ds/symlink/sn74ahc1g02.pdf?src-supplier=Digi-Key","http://www.ti.com/lit/ds/symlink/sn74ahc1g02.pdf?src-supplier=Digi-Key","http://focus.ti.com/lit/ds/symlink/sn74ahc1g02.pdf?src-supplier=Avnet+Europe","http://focus.ti.com/lit/ds/symlink/sn74ahc1g02.pdf?src-supplier=Avnet+Europe","http://www.farnell.com/datasheets/1786933.pdf?src-supplier=Element14","http://www.farnell.com/datasheets/1786933.pdf?src-supplier=Element14","","","","","","","","","-8mA","","Lead Free","NOR","8mA","Texas Instruments","SN74AHC1G02DBVT","125°C","8mA","","5.5V","-40°C","2V","Surface Mount","","1","","1","1","1","2","2","1","1","5","","","8mA","","250","Tape and Reel","","","","","7.5ns","1uA","No","No SVHC","","Digi-Key","296-1094-1-ND","","","SMD/SMT","","","8.5ns","","","0.000557oz","*","U?","SN74AHC1G02DBVT"
"IC MUX/DEMUX 2x1","IC MUX/DEMUX","","","","","300MHz","TSSOP","74LVC1G3157GW,125","http://www.nxp.com/documents/data_sheet/74LVC1G3157.pdf?src-supplier=Avnet","http://www.nxp.com/documents/data_sheet/74LVC1G3157.pdf?src-supplier=Avnet","https://www.verical.com/server-webapp/html/getDatasheet?partID=347929&src-supplier=Verical","https://www.verical.com/server-webapp/html/getDatasheet?partID=347929&src-supplier=Verical","http://www.nxp.com/documents/data_sheet/74LVC1G3157.pdf?src-supplier=Avnet+Asia","http://www.nxp.com/documents/data_sheet/74LVC1G3157.pdf?src-supplier=Avnet+Asia","http://www.nxp.com/documents/data_sheet/74LVC1G3157.pdf?src-supplier=Digi-Key","http://www.nxp.com/documents/data_sheet/74LVC1G3157.pdf?src-supplier=Digi-Key","http://www.nxp.com/documents/data_sheet/74LVC1G3157.pdf?src-supplier=Avnet+Europe","http://www.nxp.com/documents/data_sheet/74LVC1G3157.pdf?src-supplier=Avnet+Europe","","","","","","","Lead Free","Demultiplexer,Demux,Multiplexer,Mux","","NXP Semiconductors","74LVC1G3157GW,125","125°C","","250mW","5.5V","-40°C","1.65V","Surface Mount","","","1","1","","","","2","","1","6","15R","40uA","","","3000","Tape and Reel","","","250mW","1=0.37, 10=0.276, 100=0.156, 500=0.10332, 1000=0.07921 (USD)","1ns","","No","No SVHC","109219","Digi-Key","1727-6073-6-ND","Single","","","","6ns","8.7ns","","","","*","?","74LVC1G3157GW,125"
"IC Motor Driver","VFQFPN-24_N","","","","","","VQFN","DRV8701ERGET","","","","","","","","","","","","","","","","Parallel","Lead Free","","","Texas Instruments","DRV8701ERGET","125°C","","","","-40°C","","Surface Mount","","","","","","","","","","","","","","","","","Tape and Reel","","","","1=2.83, 10=2.541, 100=2.0425 (USD)","","","","","17098","Digi-Key","296-42155-1-ND","","","","","","","","","","*","U?","DRV8701ERGET"
"JUMPER_2","HDR1X2","","","","","","","","","","","","","","","","","","","","","","","","","","","","","","","","","","","","","","","","","","","","","","","","","","","","","","","","","","","","","","","","","","","","","","","","","*","J?","HEADER 2X1"
"LM2776","SOT23-6","","","","","","","*","","","","","","","","","","","","296-43957-1-ND","","","","","","","","Texas Instruments","","","","","","","","","LM2776DBVR","","","","","","","","","","","","","","","","","","","","","","","","","","","","","","","","","","","","","*","U?","LM2776 Switched Capacitor Inverter"
"LTC2875","LTC2875","LT-S8_N","","","","","","IC TXRX CAN","Datasheet","https://www.analog.com/media/en/technical-documentation/data-sheets/2875f.pdf","","","","","","","","","","LTC2875IS8#PBF-ND","","","","","","","","Linear Technologies","","","","","","","","","LTC2875IS8#PBF","","","","","","","","","","","","","","8-SOIC (0.154", 3.90mm Width)","","","","","","","","","","","","","","","","","","","","","","","*","U?","IC TXRX CAN 4MBPS 8SO"
"MOUNTING_HOLES","MOUNTING_HOLE","","","","","","","*","","","","","","","","","","","","","","","","","","","","","","","","","","","","","","","","","","","","","","","","","","","","","","","","","","","","","","","","","","","","","","","","","","*","*","6cm x 6cm"
"NMOS_20V_6A","E3","","","","","","","","Datasheet","http://aosmd.com/res/data_sheets/AO3420.pdf","","","","","","","","","","785-1014-1-ND","","","","","","","","Alpha & Omega","","","","","","","","","AO3420","","","","","","","","","","","","","","TO-236-3, SC-59, SOT-23-3","","","","","","","","","","","","","","","","","","","","","","","","Q?","MOSFET N-CH 20V 6A SOT23"
"NMOS_40V_75A","SOT404","","","","","","","","Datasheet","http://aosmd.com/res/data_sheets/AO3420.pdf","","","","","","","","","","1727-7257-1-ND","","","","","","","","Nexperia USA Inc.","","","","","","","","","BUK768R1-40E,118","","","","","","","","","","","","","","TO-263-3, D²Pak (2 Leads + Tab), TO-263AB","","","","","","","","","","","","Digi-Key","1727-7255-1-ND","","","","","","","","","","","Q?","MOSFET N-CH 40V 75A D2PAK"
"NMOS_60V_360mA","E3","","","","","","","0","Datasheet","http://aosmd.com/res/data_sheets/AO3420.pdf","","","","","","","","","","1727-4692-1-ND","","","","","","","","Nexperia USA Inc.","","","","","","","","","","","","","","","","","","","","","","","TO-236-3, SC-59, SOT-23-3","","","2N7002P,215","","","","","","","","","","","","","","","","","","","","","Q?","MOSFET N-CH 60V 0.36A SOT-23"
"NPN","TO-226-AA","","","","","","","","","","","","","","","","","","","","","","","","","","","","","","","","","","","","","","","","","","","","","","","","","","","","","","","","","","","","","","","","","","","","","","","","","","Q?",""
"NPN_40V_100mA","SOT23-3","","","","","","","","Datasheet","http://www.mccsemi.com/up_pdf/MMBT3904(SOT-23).pdf","","","","","","","","","","MMBT3904TPMSCT-ND","","","","","","","","Micro Commercial Co","","","","","","","","","MMBT3904-TP","","","","","","","","","","","","","","TO-236-3, SC-59, SOT-23-3","","","","","","","","","","","","","","","","","","","","","","","","Q?","TRANS NPN 40V 0.2A SOT23"
"NTC_THERM_100K","RESC0603(1608)_N","","","","","","","*","","","","","","","","","","","","P10555CT-ND","","","","","","","","Panasonic","","","","","","","","","ERT-J1VV104J","","","","","","","","","","","","","","","","","","","","","","","","","","","","","","","","","","100K","","","*","*","THERM NTC 100KOHM 4700K 0603"
"OSC_2kHz","CDFN-4","","","","","","","2kHz","","","","","","","","","","","","","","","","","","","","","","","","","","","","","","","","","","","","","","","","","","","","","","","","","","","","","","","Digi-Key","DSC6083CI2A-002K000-ND","","","","","","","","","","*","Y?","OSCILLATOR_2kHz"
"PMOS_100V_22A","ONSC-TO-263-2L_N","","","","","","","","Datasheet","https://www.onsemi.com/pub/Collateral/FQB22P10TM_F085-D.PDF","","","","","","","","","","FQB22P10TMCT-ND","","","","","","","","ON Semiconductor","","","","","","","","","FQB22P10TM","","","","","","","","","","","","","","D2PAK (TO-263AB)","","","","","","","","","","","","","","","","","","","","","","","","Q?","MOSFET P-CH 100V 22A D2PAK"
"POT_5K","3362P-1-502LF","","","","","","","","","","","","","","","","","","","3362P-502LF-ND","0.275" x 0.260" Face x 0.185" H (6.99mm x 6.60mm x 4.70mm)","","","","","","","Bourns Inc.","","","","","","","","","3362P-1-502LF","","","","","","","","","","","","","","","","","","","","","","","","","","","","","","","10%","","","5K","","","","R?","TRIMMER 5K OHM 0.5W PC PIN TOP"
"RES_0R_0603","RESC0603(1608)_N","","","","","","","","","","","","","","","","","","","311-0.0GRCT-ND","0.063" L x 0.031" W (1.60mm x 0.80mm)","","","","","","","Yageo","","","","","","","","","RC0603JR-070RL","","","","","","","","","","","","","","0603 (1608 Metric)","","","","","","","","","","","","","","","","","","","","0R","","","","R?","RES SMD 0 OHM JUMPER 1/10W 0603"
"RES_0R_1206","Model Name","RESC1206(3216)_N","","","","","","","","","","","","","","","","","","311-0.0ERCT-ND","0.063" L x 0.031" W (1.60mm x 0.80mm)","","","","","","","Yageo","","","","","","","","","RC1206JR-070RL","","","","","","","","","","","","","","1206 (3216 Metric)","","","","","","","","","","","","","","","","","","","","0R","","","","R?","RES SMD 0 OHM JUMPER 1/10W 1206"
"RES_100K_0603","RESC0603(1608)_N","","","","","","","","","","","","","","","","","","","311-261KHRCT-ND","0.063" L x 0.031" W (1.60mm x 0.80mm)","","","","","","","Yageo","","","","","","","","","RC0603FR-07261KL","","","","","","","","","","","","","","0603 (1608 Metric)","","","","","","","","","","","","","","","","","5%","","","100K","","","","R?","RES SMD 100K OHM 5% 1/10W 0603"
"RES_100R_0603","RESC0603(1608)_N","","","","","","","","","","","","","","","","","","","311-100HRCT-ND","0.063" L x 0.031" W (1.60mm x 0.80mm)","","","","","","","Yageo","","","","","","","","","RC0603FR-07100RL","","","","","","","","","","","","","","0603 (1608 Metric)","","","","","","","","","","","","","","","","","1%","","","100R","","","","R?","RES SMD 100 OHM 1% 1/10W 0603"
"RES_10K_0603","RESC0603(1608)_N","","","","","","","","","","","","","","","","","","","311-10KGRCT-ND","0.063" L x 0.031" W (1.60mm x 0.80mm)","","","","","","","Yageo","","","","","","","","","RC0603JR-0710KL","","","","","","","","","","","","","","0603 (1608 Metric)","","","","","","","","","","","","","","","","","5%","","","10K","","","","R?","RES SMD 10K OHM 5% 1/10W 0603"
"RES_10m_2728","STAC-CSS2725-099H_V","","","","","","","","","","","","","","","","","","","CSSH2728FT10L0DKR-ND","0.063" L x 0.031" W (1.60mm x 0.80mm)","","","","","","","Yageo","","","","","","","","","RC0603FR-07698KL","","","","","","","","","","","","","","0603 (1608 Metric)","","","","","","","","","","","","Digi-Key","","","","","1%","","","10m","","","","R?","RES SMD 10mOHM 1% 4W 2728"
"RES_120R_0603","RESC0603(1608)_N","","","","","","","","","","","","","","","","","","","311-120GRCT-ND","0.063" L x 0.031" W (1.60mm x 0.80mm)","","","","","","","Yageo","","","","","","","","","RC0603JR-07120RL","","","","","","","","","","","","","","0603 (1608 Metric)","","","","","","","","","","","","","","","","","5%","","","120R","","","","R?","RES SMD 120 OHM 5% 1/10W 0603"
"RES_150K_0603","RESC0603(1608)_N","","","","","","","","","","","","","","","","","","","311-150KGRCT-ND","0.063" L x 0.031" W (1.60mm x 0.80mm)","","","","","","","Yageo","","","","","","","","","RC0603JR-07150KL","","","","","","","","","","","","","","0603 (1608 Metric)","","","","","","","","","","","","","","","","","5%","","","150K","","","","R?","RES SMD 150K OHM 5% 1/10W 0603"
"RES_1K_0603","RESC0603(1608)_N","","","","","","","","","","","","","","","","","","","311-1.0KGRCT-ND","0.063" L x 0.031" W (1.60mm x 0.80mm)","","","","","","","Yageo","","","","","","","","","RC0603JR-071KL","","","","","","","","","","","","","","0603 (1608 Metric)","","","","","","","","","","","","","","","","","5%","","","1K","","","","R?","RES SMD 1K OHM 5% 1/10W 0603"
"RES_220R_0603","RESC0603(1608)_N","","","","","","","","","","","","","","","","","","","YAG3652CT-ND","0.063" L x 0.031" W (1.60mm x 0.80mm)","","","","","","","Yageo","","","","","","","","","AC0603JR-07220RL","","","","","","","","","","","","","","0603 (1608 Metric)","","","","","","","","","","","","","","","","","5%","","","220R","","","","R?","RES SMD 220 OHM 5% 1/10W 0603"
"RES_2K2_0603","RESC0603(1608)_N","","","","","","","","","","","","","","","","","","","311-2.20KHRCT-ND","0.063" L x 0.031" W (1.60mm x 0.80mm)","","","","","","","Yageo","","","","","","","","","RC0603FR-072K2L","","","","","","","","","","","","","","0603 (1608 Metric)","","","","","","","","","","","","","","","","","1%","","","2K2","","","","R?","RES SMD 2.2K OHM 1% 1/10W 0603"
"RES_30K_0603","RESC0603(1608)_N","","","","","","","","","","","","","","","","","","","311-30KDCT-ND","0.063" L x 0.031" W (1.60mm x 0.80mm)","","","","","","","Yageo","","","","","","","","","RT0603DRD0730KL","","","","","","","","","","","","","","0603 (1608 Metric)","","","","","","","","","","","","","","","","","0.5%","","","30K","","","","R?","RES SMD 30K OHM 0.5% 1/10W 0603"
"RES_43K_0603","RESC0603(1608)_N","","","","","","","","","","","","","","","","","","","311-43KGRCT-ND","0.063" L x 0.031" W (1.60mm x 0.80mm)","","","","","","","Yageo","","","","","","","","","RC0603JR-0743KL","","","","","","","","","","","","","","0603 (1608 Metric)","","","","","","","","","","","","","","","","","5%","","","43K","","","","R?","RES SMD 43K OHM 5% 1/10W 0603"
"RES_4K7_0603","RESC0603(1608)_N","","","","","","","","","","","","","","","","","","","311-4.7KGRCT-ND","0.063" L x 0.031" W (1.60mm x 0.80mm)","","","","","","","Yageo","","","","","","","","","RC0603JR-074K7L","","","","","","","","","","","","","","0603 (1608 Metric)","","","","","","","","","","","","","","","","","5%","","","4K7","","","","R?","RES SMD 4.7K OHM 5% 1/10W 0603"
"RES_4M7_0603","RESC0603(1608)_N","","","","","","","","","","","","","","","","","","","311-4.70MHRCT-ND","0.063" L x 0.031" W (1.60mm x 0.80mm)","","","","","","","Yageo","","","","","","","","","RC0603FR-074M7L","","","","","","","","","","","","","","0603 (1608 Metric)","","","","","","","","","","","","","","","","","1%","","","4.7M","","","","R?","RES SMD 4.7M OHM 1% 1/10W 0603"
"RES_698K_0603","RESC0603(1608)_N","","","","","","","","","","","","","","","","","","","311-698KHRCT-ND","0.063" L x 0.031" W (1.60mm x 0.80mm)","","","","","","","Yageo","","","","","","","","","RC0603FR-07698KL","","","","","","","","","","","","","","0603 (1608 Metric)","","","","","","","","","","","","","","","","","1%","","","698K","","","","R?","RES SMD 698K OHM 1% 1/10W 0603"
"RES_750R_0603","RESC0603(1608)_N","","","","","","","","","","","","","","","","","","","311-750GRCT-ND","0.063" L x 0.031" W (1.60mm x 0.80mm)","","","","","","","Yageo","","","","","","","","","RC0603JR-07750RL","","","","","","","","","","","","","","0603 (1608 Metric)","","","","","","","","","","","","","","","","","5%","","","750R","","","","R?","RES SMD 78.7K OHM 1% 1/10W 0603"
"RES_75K_0603","RESC0603(1608)_N","","","","","","","","","","","","","","","","","","","311-75KDCT-ND","0.063" L x 0.031" W (1.60mm x 0.80mm)","","","","","","","Yageo","","","","","","","","","RT0603DRD0775KL","","","","","","","","","","","","","","0603 (1608 Metric)","","","","","","","","","","","","","","","","","0.5%","","","75K","","","","R?","RES SMD 75K OHM 0.5% 1/10W 0603"
"RES_78K7_0603","RESC0603(1608)_N","","","","","","","","","","","","","","","","","","","311-78.7KHRCT-ND","0.063" L x 0.031" W (1.60mm x 0.80mm)","","","","","","","Yageo","","","","","","","","","RC0603FR-0778K7L","","","","","","","","","","","","","","0603 (1608 Metric)","","","","","","","","","","","","","","","","","5%","","","78K7","","","","R?","RES SMD 78.7K OHM 1% 1/10W 0603"
"RES_84K5_0603","RESC0603(1608)_N","","","","","","","","","","","","","","","","","","","311-84.5KHRCT-ND","0.063" L x 0.031" W (1.60mm x 0.80mm)","","","","","","","Yageo","","","","","","","","","RC0603FR-0784K5L","","","","","","","","","","","","","","0603 (1608 Metric)","","","","","","","","","","","","","","","","","1%","","","84K5","","","","R?","RES SMD 84.5K OHM 1% 1/10W 0603"
"RES_UNKNOWN","RESC0603(1608)_N","","","","","","","","","","","","","","","","","","","","","","","","","","","","","","","","","","","","","","","","","","","","","","","","","","","","","","","","","","","","","","","","","","","","","","","","","","R?",""
"STM32F091RC","STM_LQFP64_N","","","","","","","STM32F091RC","Datasheet","https://www.st.com/content/ccc/resource/technical/document/datasheet/95/3c/2e/5b/21/09/45/a6/DM00115237.pdf/files/DM00115237.pdf/jcr:content/translations/en.DM00115237.pdf#%5B%7B%22num%22%3A96%2C%22gen%22%3A0%7D%2C%7B%22name%22%3A%22XYZ%22%7D%2C67%2C755%2Cnull%5D","","","","","","","","","","497-15167-ND","","","","","","","","STMicroelectronics","","","","","","","","","STM32F091RC","","","","","","","","","","","","","","64-LQFP","","","","","","","","","","","","","","","","","","","","","","","*","U?",""
"SW_PWR","PTS830GM140","","","","","","","","Datasheet","https://www.ckswitches.com/media/1478/pts830.pdf","","","","","","","","","","CKN10587CT-ND","","","","","","","","C&K","","","","","","","","","PTS830GM140 SMTR LFS","","","","","","","","","","","","","","","","","","","","","","","","","","","","","","","","","","","","","","S?","Power Switch (Red)"
"SW_SIGNAL","B3U-1100P","","","","","","","","","","","","","","","","","","","SW1021TR-ND","","","","","","","","Omron Electronics Inc-EMC Div","","","","","","","","","B3U-1100P","","","","","","","","","","","","","","","","","","","","","","","","","","","","","","","","","","","","","","S?","Tactile Switch (Grey)"
"SW_TACTILE","B3U-1100P","","","","","","","","","","","","","","","","","","","SW1021TR-ND","","","","","","","","Omron Electronics Inc-EMC Div","","","","","","","","","B3U-1100P","","","","","","","","","","","","","","","","","","","","","","","","","","","","","","","","","","","","","","S?","Tactile Switch (Grey)"
"TERMINAL_2","OSTYK51102030","","","","","","","","","","","","","","","","","","","ED2953-ND","","","","","","","","On Shore Technology Inc.","","","","","","","","","OSTYK51102030","","","","","","","","","","","","","","","","","","","","","","","","","","","","","","","","","","","","","","P?","Header, 2-Pin"
"TIM_555","","","","","","","","*","","","","","","","","","","","","","","","","","","","","","","","","","","","","","","","","","","","","","","","","","","","","","","","","","","","","","","","","","","","","","","","","","","*","*",""
"TL081BCDG4","TL081BCDG4","","","","","","","*","","","","","","","","","","","","296-34259-5-ND","","","","","","","","Texas Instruments","","","","","","","","","TL081BCD","","","","","","","","","","","","","","","","","","","","","","","","","","","","","","","","","","","","","*","U?","IC OPAMP JFET 3MHZ 8SOIC"
"TVS_DIODE_CAN","NXP-SOT323-3","","","","","","","","Datasheet","https://assets.nexperia.com/documents/data-sheet/PESD1CAN-U.pdf","","","","","","","","","","1727-3891-1-ND","","","","","","","","Nexperia USA Inc.","","","","","","","","","PESD2CAN,215","","","","","","","","","","","","","","SC-70, SOT-323","","","","","","","","","","","","","","","","","","","","","","","*","D?","TVS DIODE 24V 41V SOT323-3"
